{
  "formatVersion": 1,
  "database": {
    "version": 1,
    "identityHash": "fdee274e46e21e679de3d566c90f592b",
    "entities": [
      {
        "tableName": "categories",
        "createSql": "CREATE TABLE IF NOT EXISTS `${TABLE_NAME}` (`id` INTEGER PRIMARY KEY AUTOINCREMENT, `name` TEXT)",
        "fields": [
          {
            "fieldPath": "id",
            "columnName": "id",
            "affinity": "INTEGER",
            "notNull": false
          },
          {
            "fieldPath": "name",
            "columnName": "name",
            "affinity": "TEXT",
            "notNull": false
          }
        ],
        "primaryKey": {
          "columnNames": [
            "id"
          ],
          "autoGenerate": true
        },
        "indices": [],
        "foreignKeys": []
      },
      {
        "tableName": "courses",
        "createSql": "CREATE TABLE IF NOT EXISTS `${TABLE_NAME}` (`id` INTEGER PRIMARY KEY AUTOINCREMENT, `name` TEXT)",
        "fields": [
          {
            "fieldPath": "id",
            "columnName": "id",
            "affinity": "INTEGER",
            "notNull": false
          },
          {
            "fieldPath": "name",
            "columnName": "name",
            "affinity": "TEXT",
            "notNull": false
          }
        ],
        "primaryKey": {
          "columnNames": [
            "id"
          ],
          "autoGenerate": true
        },
        "indices": [],
        "foreignKeys": []
      },
      {
        "tableName": "exams",
        "createSql": "CREATE TABLE IF NOT EXISTS `${TABLE_NAME}` (`id` INTEGER PRIMARY KEY AUTOINCREMENT, `user_id` INTEGER, `quiz_id` INTEGER, `start_date` TEXT, `end_date` TEXT, `duration` INTEGER NOT NULL, `exam_result` INTEGER NOT NULL, `exam_score` INTEGER NOT NULL, FOREIGN KEY(`user_id`) REFERENCES `users`(`id`) ON UPDATE NO ACTION ON DELETE CASCADE , FOREIGN KEY(`quiz_id`) REFERENCES `quizzes`(`id`) ON UPDATE NO ACTION ON DELETE CASCADE )",
        "fields": [
          {
            "fieldPath": "id",
            "columnName": "id",
            "affinity": "INTEGER",
            "notNull": false
          },
          {
            "fieldPath": "userId",
            "columnName": "user_id",
            "affinity": "INTEGER",
            "notNull": false
          },
          {
            "fieldPath": "quizId",
            "columnName": "quiz_id",
            "affinity": "INTEGER",
            "notNull": false
          },
          {
            "fieldPath": "startDate",
            "columnName": "start_date",
            "affinity": "TEXT",
            "notNull": false
          },
          {
            "fieldPath": "endDate",
            "columnName": "end_date",
            "affinity": "TEXT",
            "notNull": false
          },
          {
            "fieldPath": "duration",
            "columnName": "duration",
            "affinity": "INTEGER",
            "notNull": true
          },
          {
            "fieldPath": "examResult",
            "columnName": "exam_result",
            "affinity": "INTEGER",
            "notNull": true
          },
          {
            "fieldPath": "examScore",
            "columnName": "exam_score",
            "affinity": "INTEGER",
            "notNull": true
          }
        ],
        "primaryKey": {
          "columnNames": [
            "id"
          ],
          "autoGenerate": true
        },
        "indices": [
          {
            "name": "index_exams_user_id",
            "unique": false,
            "columnNames": [
              "user_id"
            ],
            "createSql": "CREATE  INDEX `index_exams_user_id` ON `${TABLE_NAME}` (`user_id`)"
          },
          {
            "name": "index_exams_quiz_id",
            "unique": false,
            "columnNames": [
              "quiz_id"
            ],
            "createSql": "CREATE  INDEX `index_exams_quiz_id` ON `${TABLE_NAME}` (`quiz_id`)"
          }
        ],
        "foreignKeys": [
          {
            "table": "users",
            "onDelete": "CASCADE",
            "onUpdate": "NO ACTION",
            "columns": [
              "user_id"
            ],
            "referencedColumns": [
              "id"
            ]
          },
          {
            "table": "quizzes",
            "onDelete": "CASCADE",
            "onUpdate": "NO ACTION",
            "columns": [
              "quiz_id"
            ],
            "referencedColumns": [
              "id"
            ]
          }
        ]
      },
      {
        "tableName": "questions",
        "createSql": "CREATE TABLE IF NOT EXISTS `${TABLE_NAME}` (`id` INTEGER PRIMARY KEY AUTOINCREMENT, `quiz_id` INTEGER NOT NULL, `text` TEXT NOT NULL, `hint` TEXT, `type` TEXT NOT NULL, `nonce` TEXT, `createdAt` TEXT, `updatedAt` TEXT, `sort_index` INTEGER, `enabled` INTEGER NOT NULL, FOREIGN KEY(`quiz_id`) REFERENCES `quizzes`(`id`) ON UPDATE NO ACTION ON DELETE CASCADE )",
        "fields": [
          {
            "fieldPath": "id",
            "columnName": "id",
            "affinity": "INTEGER",
            "notNull": false
          },
          {
            "fieldPath": "quizId",
            "columnName": "quiz_id",
            "affinity": "INTEGER",
            "notNull": true
          },
          {
            "fieldPath": "text",
            "columnName": "text",
            "affinity": "TEXT",
            "notNull": true
          },
          {
            "fieldPath": "hint",
            "columnName": "hint",
            "affinity": "TEXT",
            "notNull": false
          },
          {
            "fieldPath": "type",
            "columnName": "type",
            "affinity": "TEXT",
            "notNull": true
          },
          {
            "fieldPath": "nonce",
            "columnName": "nonce",
            "affinity": "TEXT",
            "notNull": false
          },
          {
            "fieldPath": "createdAt",
            "columnName": "createdAt",
            "affinity": "TEXT",
            "notNull": false
          },
          {
            "fieldPath": "updatedAt",
            "columnName": "updatedAt",
            "affinity": "TEXT",
            "notNull": false
          },
          {
            "fieldPath": "sortIndex",
            "columnName": "sort_index",
            "affinity": "INTEGER",
            "notNull": false
          },
          {
            "fieldPath": "enabled",
            "columnName": "enabled",
            "affinity": "INTEGER",
            "notNull": true
          }
        ],
        "primaryKey": {
          "columnNames": [
            "id"
          ],
          "autoGenerate": true
        },
        "indices": [
          {
            "name": "index_questions_quiz_id",
            "unique": false,
            "columnNames": [
              "quiz_id"
            ],
            "createSql": "CREATE  INDEX `index_questions_quiz_id` ON `${TABLE_NAME}` (`quiz_id`)"
          }
        ],
        "foreignKeys": [
          {
            "table": "quizzes",
            "onDelete": "CASCADE",
            "onUpdate": "NO ACTION",
            "columns": [
              "quiz_id"
            ],
            "referencedColumns": [
              "id"
            ]
          }
        ]
      },
      {
        "tableName": "question_answer_options",
        "createSql": "CREATE TABLE IF NOT EXISTS `${TABLE_NAME}` (`id` INTEGER PRIMARY KEY AUTOINCREMENT NOT NULL, `question_id` INTEGER NOT NULL, `text` TEXT NOT NULL, `is_answer` INTEGER NOT NULL, FOREIGN KEY(`question_id`) REFERENCES `questions`(`id`) ON UPDATE NO ACTION ON DELETE CASCADE )",
        "fields": [
          {
            "fieldPath": "id",
            "columnName": "id",
            "affinity": "INTEGER",
            "notNull": true
          },
          {
            "fieldPath": "questionId",
            "columnName": "question_id",
            "affinity": "INTEGER",
            "notNull": true
          },
          {
            "fieldPath": "text",
            "columnName": "text",
            "affinity": "TEXT",
            "notNull": true
          },
          {
            "fieldPath": "isAnswer",
            "columnName": "is_answer",
            "affinity": "INTEGER",
            "notNull": true
          }
        ],
        "primaryKey": {
          "columnNames": [
            "id"
          ],
          "autoGenerate": true
        },
        "indices": [
          {
            "name": "index_question_answer_options_id",
            "unique": false,
            "columnNames": [
              "id"
            ],
            "createSql": "CREATE  INDEX `index_question_answer_options_id` ON `${TABLE_NAME}` (`id`)"
          },
          {
            "name": "index_question_answer_options_question_id",
            "unique": false,
            "columnNames": [
              "question_id"
            ],
            "createSql": "CREATE  INDEX `index_question_answer_options_question_id` ON `${TABLE_NAME}` (`question_id`)"
          }
        ],
        "foreignKeys": [
          {
            "table": "questions",
            "onDelete": "CASCADE",
            "onUpdate": "NO ACTION",
            "columns": [
              "question_id"
            ],
            "referencedColumns": [
              "id"
            ]
          }
        ]
      },
      {
        "tableName": "quizzes",
        "createSql": "CREATE TABLE IF NOT EXISTS `${TABLE_NAME}` (`id` INTEGER PRIMARY KEY AUTOINCREMENT, `name` TEXT, `description` TEXT, `createdAt` TEXT, `updatedAt` TEXT)",
        "fields": [
          {
            "fieldPath": "id",
            "columnName": "id",
            "affinity": "INTEGER",
            "notNull": false
          },
          {
            "fieldPath": "name",
            "columnName": "name",
            "affinity": "TEXT",
            "notNull": false
          },
          {
            "fieldPath": "description",
            "columnName": "description",
            "affinity": "TEXT",
            "notNull": false
          },
          {
            "fieldPath": "createdAt",
            "columnName": "createdAt",
            "affinity": "TEXT",
            "notNull": false
          },
          {
            "fieldPath": "updatedAt",
            "columnName": "updatedAt",
            "affinity": "TEXT",
            "notNull": false
          }
        ],
        "primaryKey": {
          "columnNames": [
            "id"
          ],
          "autoGenerate": true
        },
        "indices": [],
        "foreignKeys": []
      },
      {
        "tableName": "quiz_categories",
        "createSql": "CREATE TABLE IF NOT EXISTS `${TABLE_NAME}` (`category_id` INTEGER NOT NULL, `quiz_id` INTEGER NOT NULL, PRIMARY KEY(`quiz_id`, `category_id`), FOREIGN KEY(`quiz_id`) REFERENCES `quizzes`(`id`) ON UPDATE NO ACTION ON DELETE CASCADE , FOREIGN KEY(`category_id`) REFERENCES `categories`(`id`) ON UPDATE NO ACTION ON DELETE CASCADE )",
        "fields": [
          {
            "fieldPath": "categoryId",
            "columnName": "category_id",
            "affinity": "INTEGER",
            "notNull": true
          },
          {
            "fieldPath": "quizId",
            "columnName": "quiz_id",
            "affinity": "INTEGER",
            "notNull": true
          }
        ],
        "primaryKey": {
          "columnNames": [
            "quiz_id",
            "category_id"
          ],
          "autoGenerate": false
        },
        "indices": [
          {
            "name": "index_quiz_categories_quiz_id",
            "unique": false,
            "columnNames": [
              "quiz_id"
            ],
            "createSql": "CREATE  INDEX `index_quiz_categories_quiz_id` ON `${TABLE_NAME}` (`quiz_id`)"
          },
          {
            "name": "index_quiz_categories_category_id",
            "unique": false,
            "columnNames": [
              "category_id"
            ],
            "createSql": "CREATE  INDEX `index_quiz_categories_category_id` ON `${TABLE_NAME}` (`category_id`)"
          }
        ],
        "foreignKeys": [
          {
            "table": "quizzes",
            "onDelete": "CASCADE",
            "onUpdate": "NO ACTION",
            "columns": [
              "quiz_id"
            ],
            "referencedColumns": [
              "id"
            ]
          },
          {
            "table": "categories",
            "onDelete": "CASCADE",
            "onUpdate": "NO ACTION",
            "columns": [
              "category_id"
            ],
            "referencedColumns": [
              "id"
            ]
          }
        ]
      },
      {
        "tableName": "quiz_courses",
        "createSql": "CREATE TABLE IF NOT EXISTS `${TABLE_NAME}` (`course_id` INTEGER NOT NULL, `quiz_id` INTEGER NOT NULL, PRIMARY KEY(`quiz_id`, `course_id`), FOREIGN KEY(`quiz_id`) REFERENCES `quizzes`(`id`) ON UPDATE NO ACTION ON DELETE CASCADE , FOREIGN KEY(`course_id`) REFERENCES `courses`(`id`) ON UPDATE NO ACTION ON DELETE CASCADE )",
        "fields": [
          {
            "fieldPath": "courseId",
            "columnName": "course_id",
            "affinity": "INTEGER",
            "notNull": true
          },
          {
            "fieldPath": "quizId",
            "columnName": "quiz_id",
            "affinity": "INTEGER",
            "notNull": true
          }
        ],
        "primaryKey": {
          "columnNames": [
            "quiz_id",
            "course_id"
          ],
          "autoGenerate": false
        },
        "indices": [
          {
            "name": "index_quiz_courses_quiz_id",
            "unique": false,
            "columnNames": [
              "quiz_id"
            ],
            "createSql": "CREATE  INDEX `index_quiz_courses_quiz_id` ON `${TABLE_NAME}` (`quiz_id`)"
          },
          {
            "name": "index_quiz_courses_course_id",
            "unique": false,
            "columnNames": [
              "course_id"
            ],
            "createSql": "CREATE  INDEX `index_quiz_courses_course_id` ON `${TABLE_NAME}` (`course_id`)"
          }
        ],
        "foreignKeys": [
          {
            "table": "quizzes",
            "onDelete": "CASCADE",
            "onUpdate": "NO ACTION",
            "columns": [
              "quiz_id"
            ],
            "referencedColumns": [
              "id"
            ]
          },
          {
            "table": "courses",
            "onDelete": "CASCADE",
            "onUpdate": "NO ACTION",
            "columns": [
              "course_id"
            ],
            "referencedColumns": [
              "id"
            ]
          }
        ]
      },
      {
        "tableName": "users",
        "createSql": "CREATE TABLE IF NOT EXISTS `${TABLE_NAME}` (`id` INTEGER PRIMARY KEY AUTOINCREMENT, `username` TEXT, `password` TEXT, `enabled` INTEGER)",
        "fields": [
          {
            "fieldPath": "id",
            "columnName": "id",
            "affinity": "INTEGER",
            "notNull": false
          },
          {
            "fieldPath": "username",
            "columnName": "username",
            "affinity": "TEXT",
            "notNull": false
          },
          {
            "fieldPath": "password",
            "columnName": "password",
            "affinity": "TEXT",
            "notNull": false
          },
          {
            "fieldPath": "enabled",
            "columnName": "enabled",
            "affinity": "INTEGER",
            "notNull": false
          }
        ],
        "primaryKey": {
          "columnNames": [
            "id"
          ],
          "autoGenerate": true
        },
        "indices": [],
        "foreignKeys": []
      },
      {
        "tableName": "user_answers",
        "createSql": "CREATE TABLE IF NOT EXISTS `${TABLE_NAME}` (`id` INTEGER PRIMARY KEY AUTOINCREMENT, `user_id` INTEGER, `exam_id` INTEGER, `question_id` INTEGER, `option_id` INTEGER, FOREIGN KEY(`user_id`) REFERENCES `users`(`id`) ON UPDATE NO ACTION ON DELETE CASCADE , FOREIGN KEY(`exam_id`) REFERENCES `exams`(`id`) ON UPDATE NO ACTION ON DELETE CASCADE , FOREIGN KEY(`question_id`) REFERENCES `questions`(`id`) ON UPDATE NO ACTION ON DELETE CASCADE , FOREIGN KEY(`option_id`) REFERENCES `question_answer_options`(`id`) ON UPDATE NO ACTION ON DELETE CASCADE )",
        "fields": [
          {
            "fieldPath": "id",
            "columnName": "id",
            "affinity": "INTEGER",
            "notNull": false
          },
          {
            "fieldPath": "userId",
            "columnName": "user_id",
            "affinity": "INTEGER",
            "notNull": false
          },
          {
            "fieldPath": "examId",
            "columnName": "exam_id",
            "affinity": "INTEGER",
            "notNull": false
          },
          {
            "fieldPath": "questionId",
            "columnName": "question_id",
            "affinity": "INTEGER",
            "notNull": false
          },
          {
            "fieldPath": "optionId",
            "columnName": "option_id",
            "affinity": "INTEGER",
            "notNull": false
          }
        ],
        "primaryKey": {
          "columnNames": [
            "id"
          ],
          "autoGenerate": true
        },
        "indices": [
          {
            "name": "index_user_answers_user_id",
            "unique": false,
            "columnNames": [
              "user_id"
            ],
            "createSql": "CREATE  INDEX `index_user_answers_user_id` ON `${TABLE_NAME}` (`user_id`)"
          },
          {
            "name": "index_user_answers_exam_id",
            "unique": false,
            "columnNames": [
              "exam_id"
            ],
            "createSql": "CREATE  INDEX `index_user_answers_exam_id` ON `${TABLE_NAME}` (`exam_id`)"
          },
          {
            "name": "index_user_answers_question_id",
            "unique": false,
            "columnNames": [
              "question_id"
            ],
            "createSql": "CREATE  INDEX `index_user_answers_question_id` ON `${TABLE_NAME}` (`question_id`)"
          },
          {
            "name": "index_user_answers_option_id",
            "unique": false,
            "columnNames": [
              "option_id"
            ],
            "createSql": "CREATE  INDEX `index_user_answers_option_id` ON `${TABLE_NAME}` (`option_id`)"
          }
        ],
        "foreignKeys": [
          {
            "table": "users",
            "onDelete": "CASCADE",
            "onUpdate": "NO ACTION",
            "columns": [
              "user_id"
            ],
            "referencedColumns": [
              "id"
            ]
          },
          {
            "table": "exams",
            "onDelete": "CASCADE",
            "onUpdate": "NO ACTION",
            "columns": [
              "exam_id"
            ],
            "referencedColumns": [
              "id"
            ]
          },
          {
            "table": "questions",
            "onDelete": "CASCADE",
            "onUpdate": "NO ACTION",
            "columns": [
              "question_id"
            ],
            "referencedColumns": [
              "id"
            ]
          },
          {
            "table": "question_answer_options",
            "onDelete": "CASCADE",
            "onUpdate": "NO ACTION",
            "columns": [
              "option_id"
            ],
            "referencedColumns": [
              "id"
            ]
          }
        ]
      }
    ],
    "setupQueries": [
      "CREATE TABLE IF NOT EXISTS room_master_table (id INTEGER PRIMARY KEY,identity_hash TEXT)",
      "INSERT OR REPLACE INTO room_master_table (id,identity_hash) VALUES(42, \"fdee274e46e21e679de3d566c90f592b\")"
    ]
  }
}